,id,name,host_id,host_profile_id,host_name,neighbourhood_group,neighbourhood,latitude,longitude,room_type,price,minimum_nights,number_of_reviews,last_review,reviews_per_month,calculated_host_listings_count,availability_365,number_of_reviews_ltm,license
0,18674,Huge flat for 8 people close to Sagrada Familia,71615.0,1.462508358342835e+18,Maria Y Mireia Barcelona4Seasons,Eixample,la Sagrada Família,41.40556,2.17262,Entire home/apt,409.0,1.0,59,2026-05-28,0.37,20.0,123,9,Spain - National registration number<br />ESFCTU000008058000039706000000000000000HUTB-002062349<br /><br />Barcelona - Regional registration number<br />HUTB-002062
1,23197,CCIB Forum· Large Balcony · 5 min walk to CCIB,90417.0,1.4625093514635958e+18,Marnie,Sant Martí,el Besòs i el Maresme,41.41243172529066,2.219750335269476,Entire home/apt,388.0,2.0,99,2026-06-07,0.53,1.0,239,11,Spain - National registration number<br />ESFCTU000008106000547360000000000000000000HUTB0050572<br /><br />Barcelona - Regional registration number<br />HUTB-005057
2,34981,VIDRE HOME PLAZA REAL on LAS RAMBLAS,73163.0,1.4625084472041472e+18,Andres,Ciutat Vella,el Barri Gòtic,41.37978,2.17623,Entire home/apt,397.0,1.0,304,2026-05-26,1.59,2.0,329,37,Spain - National registration number<br />ESFCTU000008119000093652000000000000000HUTB-001506712<br /><br />Barcelona - Regional registration number<br />HUTB-150671
3,36763,In front of the beach,158596.0,1.4625112385266627e+18,Ester,Ciutat Vella,la Barceloneta,41.38037,2.19272,Private room,43.0,31.0,108,2023-12-13,0.6,1.0,38,0,
4,40983,Architect's Loft near Gaudí & Passeig de Gràcia,177617.0,1.4625118223884593e+18,Joaquin,Eixample,la Dreta de l'Eixample,41.39631,2.16832,Entire home/apt,226.0,1.0,450,2026-06-19,2.46,5.0,289,56,Barcelona - Regional registration number<br />HUTB-001282<br /><br />Spain - National registration number<br />ESFCTU00000805400028019300000000000000000HUTB-0012821
126,569610,Pl España  / Sants Station / Perfect Remote Work,2700806.0,1.46260527073925e+18,Andres,Sants-Montjuïc,Sants,41.37518,2.14026,Entire home/apt,235.0,5.0,58,2026-06-14,0.34,1.0,43,5,Barcelona - Regional registration number<br />HUTB-009546<br /><br />Spain - National registration number<br />ESFCTU00000805600184950800000000000000000HUTB-0095460
210,775644,Stylish Apt w/Terrace | City Center,177617.0,1.4625118223884593e+18,Joaquin,Eixample,la Nova Esquerra de l'Eixample,41.38102722167969,2.1521859169006348,Entire home/apt,179.0,1.0,476,2026-06-14,2.93,5.0,296,64,Barcelona - Regional registration number<br />HUTB-009094<br /><br />Spain - National registration number<br />ESFCTU00000806700009513100000000000000000HUTB-0090942
282,934979,Sagrada Familia charming,5044674.0,1.4626715067265882e+18,Ester,Eixample,la Sagrada Família,41.40058253081561,2.175098624868285,Entire home/apt,326.0,2.0,701,2026-06-20,4.32,1.0,142,70,Spain - National registration number<br />ESFCTU000008073000319047000000000000000000HUTB0052509<br /><br />Barcelona - Regional registration number<br />HUTB-005250
373,1119598,Flat with views to Sagrada Famila,71615.0,1.462508358342835e+18,Maria Y Mireia Barcelona4Seasons,Eixample,la Sagrada Família,41.40457,2.17215,Entire home/apt,405.0,3.0,269,2026-06-22,1.88,20.0,136,23,Spain - National registration number<br />ESFCTU00000807300039912400000000000000HUTB-002113-206<br /><br />Barcelona - Regional registration number<br />HUTB-002113
669,2288221,Elegant apartment in the heart of the city,71615.0,1.462508358342835e+18,Maria Y Mireia Barcelona4Seasons,Eixample,Sant Antoni,41.37721,2.16429,Entire home/apt,375.0,1.0,293,2026-04-22,1.97,20.0,128,21,Spain - National registration number<br />ESFCTU00000806900041279600000000000000000HUTB-0071608<br /><br />Barcelona - Regional registration number<br />HUTB-007160
695,2394424,Chic studio in a perfect location in Barcelona,71615.0,1.462508358342835e+18,Maria Y Mireia Barcelona4Seasons,Eixample,l'Antiga Esquerra de l'Eixample,41.38723,2.15631,Entire home/apt,169.0,1.0,185,2026-06-10,1.26,20.0,161,31,Spain - National registration number<br />ESFCTU00000805600048027600000000000000HUTB-008765-526<br /><br />Barcelona - Regional registration number<br />HUTB-008765
802,3000464,Barcelona center apartment (2 Adults + 2 Children),71615.0,1.462508358342835e+18,Maria Y Mireia Barcelona4Seasons,Eixample,l'Antiga Esquerra de l'Eixample,41.38532,2.16231,Entire home/apt,187.0,1.0,268,2026-06-05,1.82,20.0,149,42,Barcelona - Regional registration number<br />HUTB-008393<br /><br />Spain - National registration number<br />ESFCTU00000805600012338800000000000000000HUTB-0083931
837,3167271,Sagrada Familia Views: Premier Tourist Apartment,1029387.0,1.4625362052685588e+18,Andres,Eixample,la Sagrada Família,41.40743,2.17423,Entire home/apt,260.0,2.0,423,2026-06-13,2.89,1.0,89,27,Barcelona - Regional registration number<br />HUTB-010765<br /><br />Spain - National registration number<br />ESFCTU00000805800060693900000000000000000HUTB-0107651
909,3481808,Apat. close to Sagrada Familia,71615.0,1.462508358342835e+18,Maria Y Mireia Barcelona4Seasons,Eixample,la Sagrada Família,41.40452,2.1786,Entire home/apt,,1.0,58,2026-06-04,0.42,20.0,113,13,Spain - National registration number<br />ESFCTU00000073000038983500000000000000000HUTB-0116549<br /><br />Barcelona - Regional registration number<br />HUTB-011654
914,3495408,Apartment for groups near Sagrada Familia,71615.0,1.462508358342835e+18,Maria Y Mireia Barcelona4Seasons,Eixample,la Sagrada Família,41.4023,2.17181,Entire home/apt,247.0,1.0,20,2026-06-08,0.21,20.0,153,4,Barcelona - Regional registration number<br />HUTB-001055<br /><br />Spain - National registration number<br />ESFCTU00000807300034465000000000000000HUTB-001055-668
951,3744593,Apt with cozy terrace,71615.0,1.462508358342835e+18,Maria Y Mireia Barcelona4Seasons,Eixample,l'Antiga Esquerra de l'Eixample,41.385,2.15795,Entire home/apt,237.0,2.0,142,2026-06-08,1.06,20.0,144,20,Spain - National registration number<br />ESFCTU00000805600051515200000000000000000HUTB-0097475<br /><br />Barcelona - Regional registration number<br />HUTB-009747
1100,4970715,Recently renovated and quiet ap.,71615.0,1.462508358342835e+18,Maria Y Mireia Barcelona4Seasons,Eixample,la Nova Esquerra de l'Eixample,41.38432,2.14665,Entire home/apt,189.0,1.0,133,2026-06-03,1.09,20.0,120,18,Spain - National registration number<br />ESFCTU00000806700016885900000000000000000HUTB-0060189<br /><br />Barcelona - Regional registration number<br />HUTB-006018
1132,5197640,Apartment in the center of the city,71615.0,1.462508358342835e+18,Maria Y Mireia Barcelona4Seasons,Eixample,l'Antiga Esquerra de l'Eixample,41.38848,2.15607,Entire home/apt,142.0,2.0,201,2026-06-10,1.51,20.0,130,39,Spain - National registration number<br />ESFCTU000008056000856613000000000000000HUTB-004738930<br /><br />Barcelona - Regional registration number<br />HUTB-004738
1336,7003642,Modern apartment with terrace,71615.0,1.462508358342835e+18,Maria Y Mireia Barcelona4Seasons,Gràcia,el Camp d'en Grassot i Gràcia Nova,41.40782,2.16553,Entire home/apt,201.0,1.0,117,2026-05-31,0.96,20.0,126,13,Spain - National registration number<br />ESFCTU00000805800042104400000000000000000HUTB-0024417<br /><br />Barcelona - Regional registration number<br />HUTB-002441
4197,35832249,Luxury Apartment Park Güell,269531884.0,1.4694241702477435e+18,Ester,Horta-Guinardó,el Carmel,41.41806,2.15124,Entire home/apt,263.0,2.0,170,2026-05-23,2.01,1.0,346,33,Barcelona - Regional registration number<br />HUTB-012973<br /><br />Spain - National registration number<br />ESFCTU00000804800007282700000000000000000000000000006
4701,40745175,Apartamento moderno cerca del Camp Nou,71615.0,1.462508358342835e+18,Maria Y Mireia Barcelona4Seasons,Les Corts,les Corts,41.38267,2.12986,Entire home/apt,67.0,32.0,0,,,20.0,241,0,Spain - National registration number<br />ESFCNT00000806500017800700000000000000000000000000001<br /><br />Barcelona - Regional registration number<br />Exempt - seasonal rental
5659,49984706,"With Private Bathroom & Terrace, AC+600MbWifi",177617.0,1.4625118223884593e+18,Joaquin,Sarrià-Sant Gervasi,les Tres Torres,41.39441,2.13274,Private room,49.0,31.0,22,2025-07-21,0.37,5.0,72,2,Spain - National registration number<br />ESHFNT00000806100016916800100000000000000000000000003<br /><br />Barcelona - Regional registration number<br />Exempt - seasonal rental
5660,49984968,"With Private Terrace, 600Mb Wifi and AC",177617.0,1.4625118223884593e+18,Joaquin,Sarrià-Sant Gervasi,les Tres Torres,41.39261,2.13241,Private room,40.0,31.0,22,2026-01-25,0.36,5.0,65,2,Spain - National registration number<br />ESHFNT00000806100016916800200000000000000000000000002<br /><br />Barcelona - Regional registration number<br />Exempt - seasonal rental
5672,50083428,"With Shared Terrace, AC and 600Mb Wifi",177617.0,1.4625118223884593e+18,Joaquin,Sarrià-Sant Gervasi,les Tres Torres,41.39269,2.13308,Private room,40.0,31.0,21,2026-05-26,0.35,5.0,62,2,Spain - National registration number<br />ESHFNT00000806100016916800300000000000000000000000001<br /><br />Barcelona - Regional registration number<br />Exempt - seasonal rental
6708,598210258384760217,Modern apartment close to the Camp Nou Stadium,71615.0,1.462508358342835e+18,Maria Y Mireia Barcelona4Seasons,Les Corts,la Maternitat i Sant Ramon,41.38405,2.12758,Entire home/apt,249.0,2.0,115,2026-06-01,2.31,20.0,135,26,Spain - National registration number<br />ESFCTU000008060000016472000000000000000HUTB-004733948<br /><br />Barcelona - Regional registration number<br />HUTB-004733
7018,660751128618376242,"Cozy and comfy apt, excellent location",18135683.0,1.463037031880568e+18,Ester,Gràcia,el Camp d'en Grassot i Gràcia Nova,41.40889,2.16597,Entire home/apt,83.0,31.0,1,2022-08-24,0.02,2.0,327,0,
7256,709852017663835707,"Apartment in prime location, perfect for families",71615.0,1.462508358342835e+18,Maria Y Mireia Barcelona4Seasons,Eixample,l'Antiga Esquerra de l'Eixample,41.3860732,2.1583395,Entire home/apt,229.0,2.0,37,2026-06-05,0.81,20.0,140,6,Spain - National registration number<br />ESFCTU00000805600051508400000000000000000HUTB-0029890<br /><br />Barcelona - Regional registration number<br />HUTB-002989
7836,833787902115935031,Apartamento muy cerca Ramblas,71615.0,1.462508358342835e+18,Maria Y Mireia Barcelona4Seasons,Ciutat Vella,el Raval,41.37817,2.17176,Entire home/apt,67.0,32.0,0,,,20.0,287,0,Spain - National registration number<br />ESFCNT00000805600306750400000000000000000000000000003
8204,887395817973157589,Penthouse with Private Terrace,71615.0,1.462508358342835e+18,Maria Y Mireia Barcelona4Seasons,Horta-Guinardó,el Guinardó,41.415596223,2.178491102,Entire home/apt,179.0,2.0,98,2026-05-23,2.72,20.0,116,26,Spain - National registration number<br />ESFCTU0000080580005415060000000000000000HUTB007010274<br /><br />Barcelona - Regional registration number<br />HUTB-007010
8504,925319046707863327,Apartamento al lado de la playa,71615.0,1.462508358342835e+18,Maria Y Mireia Barcelona4Seasons,Ciutat Vella,la Barceloneta,41.38158818031756,2.186889195059507,Entire home/apt,56.0,32.0,4,2025-11-01,0.15,20.0,332,2,Spain - National registration number<br />ESFCNT00000811900005928300000000000000000000000000005<br /><br />Barcelona - Regional registration number<br />Exempt - seasonal rental
8542,932569596868861320,3 suite apartment near Ramblas,73163.0,1.4625084472041472e+18,Andres,Ciutat Vella,el Barri Gòtic,41.38086,2.1748,Entire home/apt,224.0,31.0,0,,,2.0,170,0,
8600,938985742501827154,Estudi lluminós i ben comunicat,18135683.0,1.463037031880568e+18,Ester,Horta-Guinardó,el Baix Guinardó,41.41022,2.16609,Entire home/apt,96.0,31.0,0,,,2.0,87,0,
9054,1013882465790024892,Room with Balcony in Central Barcelona,176514024.0,1.4687104706551327e+18,Andres,Eixample,l'Antiga Esquerra de l'Eixample,41.38736896045911,2.1557891945713044,Private room,123.0,1.0,19,2026-06-09,4.83,2.0,170,19,
9055,1013883984435259564,Private Interior Room in Central BCN,176514024.0,1.4687104706551327e+18,Andres,Eixample,l'Antiga Esquerra de l'Eixample,41.3870779183616,2.154044162391881,Private room,81.0,1.0,26,2026-06-08,6.9,2.0,166,26,
10345,1175955069246165077,Comfortable apartment next to Sagrada Familia,71615.0,1.462508358342835e+18,Maria Y Mireia Barcelona4Seasons,Eixample,la Sagrada Família,41.40554,2.17172,Entire home/apt,224.0,2.0,42,2026-02-20,1.72,20.0,156,12,Spain - National registration number<br />ESFCTU00000805800063599100000000000000000HUTB-0083214<br /><br />Barcelona - Regional registration number<br />HUTB-008321
10709,1229525461082470897,"La mejoresvistasde Barcelona, terraza 90 m privada",49635010.0,1.4627136599203023e+18,Joaquin,Ciutat Vella,la Barceloneta,41.37786,2.19053,Entire home/apt,413.0,31.0,0,,,1.0,49,0,Spain - National registration number<br />ESFCNT00000811900002505900000000000000000000000000009<br /><br />Barcelona - Regional registration number<br />Exempt - seasonal rental
11018,1284590816663751175,Cómodo apartamento cerca metro,71615.0,1.462508358342835e+18,Maria Y Mireia Barcelona4Seasons,Sants-Montjuïc,Sants - Badal,41.37209211763589,2.13113438801012,Entire home/apt,56.0,32.0,0,,,20.0,177,0,Spain - National registration number<br />ESFCNT00000806500017695900000000000000000000000000005<br /><br />Barcelona - Regional registration number<br />Exempt - seasonal rental
11564,1353550843022453659,"Single room, private bathroom",677542508.0,1.470695336624544e+18,Ester,Eixample,el Fort Pienc,41.39700601749378,2.1780686153837134,Private room,37.0,31.0,1,2025-07-18,0.09,5.0,297,1,Spain - National registration number<br />ESHFNT00000805400056977900200000000000000000000000006<br /><br />Barcelona - Regional registration number<br />Exempt - seasonal rental
11569,1354179659690182026,"Habitación, aire acondicionado",677542508.0,1.470695336624544e+18,Ester,Eixample,la Dreta de l'Eixample,41.39691177804507,2.1770987894501332,Private room,36.0,31.0,8,2026-05-31,0.58,5.0,299,6,Spain - National registration number<br />ESHFNT00000805400056977900400000000000000000000000004<br /><br />Barcelona - Regional registration number<br />Exempt - seasonal rental
11576,1355608539769151419,"Room, private fridge + A/C",677542508.0,1.470695336624544e+18,Ester,Eixample,el Fort Pienc,41.39696246817077,2.177635046614377,Private room,30.0,31.0,4,2025-09-17,0.29,5.0,317,2,Spain - National registration number<br />ESHFNT00000805400056977900100000000000000000000000007<br /><br />Barcelona - Regional registration number<br />Exempt - seasonal rental
13382,1539038626939475945,Acogedor Studio Sants a 15' Bcn Centro y Fira Bcn,725607185.0,1.5390386275851305e+18,Ester,Sants-Montjuïc,Sants,41.37453,2.13303,Entire home/apt,292.0,3.0,2,2026-02-07,0.3,1.0,85,2,Barcelona - Regional registration number<br />HUTB-001702<br /><br />Spain - National registration number<br />ESFCTU00000806500065020600000000000000000000002350521
13683,1581374715746154776,"Habitación, baño privado, aire acondicionado",677542508.0,1.470695336624544e+18,Ester,Eixample,el Fort Pienc,41.39598549999999,2.1774327,Private room,45.0,31.0,0,,,5.0,213,0,Barcelona - Regional registration number<br />Exempt - seasonal rental<br /><br />Spain - National registration number<br />ESHFNT00000805400056977900300000000000000000000000005
13684,1581388718734887536,"Tranquila habitación, aire acondicionado",677542508.0,1.470695336624544e+18,Ester,Eixample,el Fort Pienc,41.39598549999999,2.1774327,Private room,28.0,31.0,2,2026-05-21,0.69,5.0,158,2,Barcelona - Regional registration number<br />Exempt - seasonal rental<br /><br />Spain - National registration number<br />ESHFNT00000805400056977900500000000000000000000000003
14479,1665062821024992480,"Apartment, close to an entrance of Park Güell",71615.0,1.462508358342835e+18,Maria Y Mireia Barcelona4Seasons,Gràcia,el Coll,41.41931,2.14999,Entire home/apt,126.0,32.0,0,,,20.0,206,0,Spain - National registration number<br />ESFCNT00000804800039413400000000000000000000000000003<br /><br />Barcelona - Regional registration number<br />Exempt - seasonal rental
